{
  "type": "object",
  "properties": {
    "user": {
      "type": "array",
      "items": {
        "type": "object",
        "properties": {
          "name": {
            "type": "string",
            "ui": {
              "label": "Name",
              "description": "Please fill in your name",
              "placeholder": "Name"
            },
            "rules": {
              "required": true
            }
          },
          "email": {
            "type": "string",
            "ui": {
              "label": "Email"
            },
            "rules": {
              "required": true,
              "email": true
            }
          },
          "age": {
            "type": "integer",
            "ui": {
              "label": "Age"
            }
          },
          "adult": {
            "type": "boolean",
            "ui": {
              "label": "Adult",
              "help": {
                "show": true,
                "text": "?",
                "content": "Adults can play games"
              }
            }
          }
        }
      },
      "ui": {
        "showLegend": false,
        "noLabelSpace": true,
        "widget": "array-table",
        "widgetConfig": {
          "disableCollapse": true,
          "showOneIfEmpty": true
        }
      }
    }
  }
}