{
  "type": "object",
  "properties": {
    "_line1": {
      "type": "HTML",
      "value": "<div style=\"border-left: 4px solid orange; padding-left: 6px; color: orange\">  Basic Information</div>"
    },
    "name": {
      "type": "string",
      "ui": {
        "label": "Name",
        "description": "Please fill in your name",
        "placeholder": "Name"
      }
    },
    "email": {
      "type": "string",
      "ui": {
        "label": "Email"
      }
    },
    "_line2": {
      "type": "HTML",
      "value": "<div style=\"border-left: 4px solid orange; margin-top:10px; padding-left: 6px; color: orange\">  Other Information</div>"
    },
    "age": {
      "type": "integer",
      "default": 18,
      "ui": {
        "label": "Age"
      }
    },
    "adult": {
      "type": "boolean",
      "ui": {
        "label": "Adult",
        "help": {
          "show": true,
          "text": "?",
          "content": "Adults can play games"
        }
      }
    }
  }
}