{
    "type": "object",
    "properties": {
      "name": {
        "type": "string",
        "ui": {
          "label": "Name",
          "description": "Please fill in your name.",
          "placeholder": "Name"
        }
      },
      "email": {
        "type": "string",
        "ui": {
          "label": "Email"
        }
      },
      "age": {
        "type": "integer",
        "default": 18,
        "ui": {
          "label": "Age"
        }
      },
      "adult": {
        "type": "boolean",
        "ui": {
          "label": "Adult",
          "help": {
            "show": true,
            "text": "?",
            "content": "Adults can play games."
          }
        }
      }
    }
  }